<annotation>
  <folder/>
  <filename>2011_000025.jpg</filename>
  <database/>
  <annotation/>
  <image/>
  <size>
    <height>375</height>
    <width>500</width>
    <depth>3</depth>
  </size>
  <segmented/>
  <object>
    <name>bus</name>
    <pose/>
    <truncated/>
    <difficult/>
    <bndbox>
      <xmin>84</xmin>
      <ymin>20</ymin>
      <xmax>435</xmax>
      <ymax>373</ymax>
    </bndbox>
  </object>
  <object>
    <name>bus</name>
    <pose/>
    <truncated/>
    <difficult/>
    <bndbox>
      <xmin>1</xmin>
      <ymin>99</ymin>
      <xmax>107</xmax>
      <ymax>282</ymax>
    </bndbox>
  </object>
  <object>
    <name>car</name>
    <pose/>
    <truncated/>
    <difficult/>
    <bndbox>
      <xmin>409</xmin>
      <ymin>167</ymin>
      <xmax>500</xmax>
      <ymax>266</ymax>
    </bndbox>
  </object>
</annotation>
