{
  "flags": {},
  "shapes": [
    {
      "label": "track",
      "line_color": null,
      "fill_color": null,
      "points": [
        [
          634,
          204
        ],
        [
          604,
          275
        ],
        [
          603,
          340
        ],
        [
          622,
          363
        ],
        [
          639,
          363
        ],
        [
          649,
          354
        ],
        [
          682,
          383
        ],
        [
          733,
          390
        ],
        [
          748,
          364
        ],
        [
          827,
          359
        ],
        [
          829,
          250
        ],
        [
          800,
          194
        ],
        [
          775,
          185
        ],
        [
          740,
          199
        ]
      ]
    },
    {
      "label": "track",
      "line_color": null,
      "fill_color": null,
      "points": [
        [
          860,
          190
        ],
        [
          997,
          186
        ],
        [
          998,
          305
        ],
        [
          924,
          320
        ],
        [
          905,
          352
        ],
        [
          877,
          353
        ],
        [
          869,
          245
        ],
        [
          879,
          222
        ]
      ]
    },
    {
      "label": "car",
      "line_color": null,
      "fill_color": null,
      "points": [
        [
          924,
          321
        ],
        [
          905,
          352
        ],
        [
          909,
          388
        ],
        [
          936,
          404
        ],
        [
          959,
          411
        ],
        [
          966,
          431
        ],
        [
          1000.0,
          432.0
        ],
        [
          1000.0,
          306.0
        ]
      ]
    }
  ],
  "lineColor": [
    0,
    255,
    0,
    128
  ],
  "fillColor": [
    255,
    0,
    0,
    128
  ],
  "imagePath": "00000100.jpg",
  "imageData": null
}