{
  "flags": {},
  "shapes": [
    {
      "label": "track",
      "line_color": null,
      "fill_color": null,
      "points": [
        [
          614.0,
          204.0
        ],
        [
          584.0,
          275.0
        ],
        [
          583.0,
          340.0
        ],
        [
          602.0,
          363.0
        ],
        [
          619.0,
          363.0
        ],
        [
          629.0,
          354.0
        ],
        [
          662.0,
          383.0
        ],
        [
          713.0,
          390.0
        ],
        [
          728.0,
          364.0
        ],
        [
          827.0,
          358.0
        ],
        [
          825.0,
          249.0
        ],
        [
          801.0,
          200.0
        ],
        [
          757.0,
          194.0
        ],
        [
          720.0,
          199.0
        ]
      ]
    },
    {
      "label": "track",
      "line_color": null,
      "fill_color": null,
      "points": [
        [
          860.0,
          190.0
        ],
        [
          997.0,
          186.0
        ],
        [
          998.0,
          305.0
        ],
        [
          924.0,
          320.0
        ],
        [
          905.0,
          352.0
        ],
        [
          877.0,
          353.0
        ],
        [
          869.0,
          245.0
        ],
        [
          879.0,
          222.0
        ]
      ]
    },
    {
      "label": "car",
      "line_color": null,
      "fill_color": null,
      "points": [
        [
          924.0,
          321.0
        ],
        [
          905.0,
          352.0
        ],
        [
          909.0,
          388.0
        ],
        [
          936.0,
          404.0
        ],
        [
          959.0,
          411.0
        ],
        [
          966.0,
          431.0
        ],
        [
          1000.0,
          432.0
        ],
        [
          1000.0,
          306.0
        ]
      ]
    }
  ],
  "lineColor": [
    0,
    255,
    0,
    128
  ],
  "fillColor": [
    255,
    0,
    0,
    128
  ],
  "imagePath": "00000101.jpg",
  "imageData": null
}