{
  "flags": {},
  "shapes": [
    {
      "label": "track",
      "line_color": null,
      "fill_color": null,
      "points": [
        [
          573.0,
          207.0
        ],
        [
          543.0,
          278.0
        ],
        [
          542.0,
          343.0
        ],
        [
          561.0,
          366.0
        ],
        [
          578.0,
          366.0
        ],
        [
          588.0,
          357.0
        ],
        [
          621.0,
          386.0
        ],
        [
          672.0,
          393.0
        ],
        [
          687.0,
          367.0
        ],
        [
          829.0,
          354.0
        ],
        [
          821.0,
          236.0
        ],
        [
          801.0,
          199.0
        ],
        [
          716.0,
          197.0
        ],
        [
          679.0,
          202.0
        ]
      ]
    },
    {
      "label": "track",
      "line_color": null,
      "fill_color": null,
      "points": [
        [
          860.0,
          190.0
        ],
        [
          997.0,
          186.0
        ],
        [
          998.0,
          305.0
        ],
        [
          924.0,
          320.0
        ],
        [
          905.0,
          352.0
        ],
        [
          877.0,
          353.0
        ],
        [
          869.0,
          245.0
        ],
        [
          879.0,
          222.0
        ]
      ]
    },
    {
      "label": "car",
      "line_color": null,
      "fill_color": null,
      "points": [
        [
          924.0,
          321.0
        ],
        [
          905.0,
          352.0
        ],
        [
          909.0,
          388.0
        ],
        [
          936.0,
          404.0
        ],
        [
          959.0,
          411.0
        ],
        [
          966.0,
          431.0
        ],
        [
          1000.0,
          432.0
        ],
        [
          1000.0,
          306.0
        ]
      ]
    }
  ],
  "lineColor": [
    0,
    255,
    0,
    128
  ],
  "fillColor": [
    255,
    0,
    0,
    128
  ],
  "imagePath": "00000103.jpg",
  "imageData": null
}