{
  "flags": {},
  "shapes": [
    {
      "label": "track",
      "line_color": null,
      "fill_color": null,
      "points": [
        [
          556.0,
          201.0
        ],
        [
          528.0,
          277.0
        ],
        [
          524.0,
          342.0
        ],
        [
          528.0,
          361.0
        ],
        [
          563.0,
          365.0
        ],
        [
          573.0,
          356.0
        ],
        [
          606.0,
          385.0
        ],
        [
          657.0,
          392.0
        ],
        [
          672.0,
          366.0
        ],
        [
          825.0,
          354.0
        ],
        [
          826.0,
          238.0
        ],
        [
          801.0,
          202.0
        ],
        [
          701.0,
          196.0
        ],
        [
          664.0,
          201.0
        ]
      ]
    },
    {
      "label": "track",
      "line_color": null,
      "fill_color": null,
      "points": [
        [
          860.0,
          190.0
        ],
        [
          997.0,
          186.0
        ],
        [
          998.0,
          305.0
        ],
        [
          924.0,
          320.0
        ],
        [
          905.0,
          352.0
        ],
        [
          874.0,
          354.0
        ],
        [
          869.0,
          245.0
        ],
        [
          879.0,
          222.0
        ]
      ]
    },
    {
      "label": "car",
      "line_color": null,
      "fill_color": null,
      "points": [
        [
          924.0,
          321.0
        ],
        [
          905.0,
          352.0
        ],
        [
          909.0,
          388.0
        ],
        [
          936.0,
          404.0
        ],
        [
          959.0,
          411.0
        ],
        [
          966.0,
          431.0
        ],
        [
          1000.0,
          432.0
        ],
        [
          1000.0,
          306.0
        ]
      ]
    }
  ],
  "lineColor": [
    0,
    255,
    0,
    128
  ],
  "fillColor": [
    255,
    0,
    0,
    128
  ],
  "imagePath": "00000104.jpg",
  "imageData": null
}