{
  "flags": {},
  "shapes": [
    {
      "label": "track",
      "line_color": null,
      "fill_color": null,
      "points": [
        [
          593.0,
          204.0
        ],
        [
          563.0,
          275.0
        ],
        [
          562.0,
          340.0
        ],
        [
          581.0,
          363.0
        ],
        [
          598.0,
          363.0
        ],
        [
          608.0,
          354.0
        ],
        [
          641.0,
          383.0
        ],
        [
          692.0,
          390.0
        ],
        [
          707.0,
          364.0
        ],
        [
          827.0,
          358.0
        ],
        [
          823.0,
          243.0
        ],
        [
          802.0,
          199.0
        ],
        [
          736.0,
          194.0
        ],
        [
          699.0,
          199.0
        ]
      ]
    },
    {
      "label": "track",
      "line_color": null,
      "fill_color": null,
      "points": [
        [
          860.0,
          190.0
        ],
        [
          997.0,
          186.0
        ],
        [
          998.0,
          305.0
        ],
        [
          924.0,
          320.0
        ],
        [
          905.0,
          352.0
        ],
        [
          877.0,
          353.0
        ],
        [
          869.0,
          245.0
        ],
        [
          879.0,
          222.0
        ]
      ]
    },
    {
      "label": "car",
      "line_color": null,
      "fill_color": null,
      "points": [
        [
          924.0,
          321.0
        ],
        [
          905.0,
          352.0
        ],
        [
          909.0,
          388.0
        ],
        [
          936.0,
          404.0
        ],
        [
          959.0,
          411.0
        ],
        [
          966.0,
          431.0
        ],
        [
          1000.0,
          432.0
        ],
        [
          1000.0,
          306.0
        ]
      ]
    }
  ],
  "lineColor": [
    0,
    255,
    0,
    128
  ],
  "fillColor": [
    255,
    0,
    0,
    128
  ],
  "imagePath": "00000102.jpg",
  "imageData": null
}