{
  "version": "3.14.2",
  "flags": {},
  "shapes": [
    {
      "label": "person-1",
      "line_color": null,
      "fill_color": null,
      "points": [
        [
          250.984126984127,
          106.92063492063491
        ],
        [
          229.984126984127,
          118.92063492063491
        ],
        [
          221.984126984127,
          134.9206349206349
        ],
        [
          223.984126984127,
          147.9206349206349
        ],
        [
          217.984126984127,
          160.9206349206349
        ],
        [
          202.984126984127,
          167.9206349206349
        ],
        [
          192.984126984127,
          199.9206349206349
        ],
        [
          194.984126984127,
          221.9206349206349
        ],
        [
          199.984126984127,
          226.9206349206349
        ],
        [
          191.984126984127,
          233.9206349206349
        ],
        [
          197.984126984127,
          263.92063492063494
        ],
        [
          213.984126984127,
          294.92063492063494
        ],
        [
          214.984126984127,
          319.92063492063494
        ],
        [
          221.984126984127,
          326.92063492063494
        ],
        [
          235.984126984127,
          325.92063492063494
        ],
        [
          240.984126984127,
          322.92063492063494
        ],
        [
          235.984126984127,
          297.92063492063494
        ],
        [
          238.984126984127,
          286.92063492063494
        ],
        [
          234.984126984127,
          267.92063492063494
        ],
        [
          257.984126984127,
          257.92063492063494
        ],
        [
          264.984126984127,
          263.92063492063494
        ],
        [
          256.984126984127,
          272.92063492063494
        ],
        [
          259.984126984127,
          281.92063492063494
        ],
        [
          284.984126984127,
          287.92063492063494
        ],
        [
          297.984126984127,
          277.92063492063494
        ],
        [
          288.984126984127,
          269.92063492063494
        ],
        [
          281.984126984127,
          269.92063492063494
        ],
        [
          283.984126984127,
          263.92063492063494
        ],
        [
          292.984126984127,
          260.92063492063494
        ],
        [
          308.984126984127,
          235.9206349206349
        ],
        [
          313.984126984127,
          216.9206349206349
        ],
        [
          309.984126984127,
          207.9206349206349
        ],
        [
          312.984126984127,
          201.9206349206349
        ],
        [
          308.984126984127,
          184.9206349206349
        ],
        [
          291.984126984127,
          172.9206349206349
        ],
        [
          269.984126984127,
          158.9206349206349
        ],
        [
          261.984126984127,
          153.9206349206349
        ],
        [
          264.984126984127,
          141.9206349206349
        ],
        [
          273.984126984127,
          136.9206349206349
        ],
        [
          278.984126984127,
          129.9206349206349
        ],
        [
          270.984126984127,
          120.92063492063491
        ]
      ],
      "shape_type": "polygon",
      "flags": {
        "occluded": true,
        "truncated": false,
        "male": true
      }
    },
    {
      "label": "person-2",
      "line_color": null,
      "fill_color": null,
      "points": [
        [
          482,
          85
        ],
        [
          468,
          90
        ],
        [
          460,
          110
        ],
        [
          460,
          127
        ],
        [
          444,
          137
        ],
        [
          419,
          153
        ],
        [
          410,
          163
        ],
        [
          403,
          168
        ],
        [
          394,
          170
        ],
        [
          386,
          168
        ],
        [
          386,
          184
        ],
        [
          392,
          182
        ],
        [
          410,
          187
        ],
        [
          414,
          192
        ],
        [
          437,
          189
        ],
        [
          434,
          204
        ],
        [
          390,
          195
        ],
        [
          386,
          195
        ],
        [
          387,
          208
        ],
        [
          381,
          212
        ],
        [
          372,
          212
        ],
        [
          372,
          216
        ],
        [
          400,
          270
        ],
        [
          389,
          272
        ],
        [
          389,
          274
        ],
        [
          403,
          282
        ],
        [
          444,
          283
        ],
        [
          443,
          259
        ],
        [
          426,
          244
        ],
        [
          462,
          256
        ],
        [
          474,
          270
        ],
        [
          477,
          280
        ],
        [
          473,
          289
        ],
        [
          471,
          296
        ],
        [
          472,
          317
        ],
        [
          480,
          332
        ],
        [
          494,
          335
        ],
        [
          498,
          329
        ],
        [
          494,
          308
        ],
        [
          499,
          297
        ],
        [
          499,
          90
        ]
      ],
      "shape_type": "polygon",
      "flags": {
        "occluded": true,
        "truncated": true,
        "male": true
      }
    },
    {
      "label": "bottle",
      "line_color": null,
      "fill_color": null,
      "points": [
        [
          374,
          159
        ],
        [
          369,
          170
        ],
        [
          369,
          210
        ],
        [
          375,
          212
        ],
        [
          387,
          209
        ],
        [
          385,
          185
        ],
        [
          385,
          168
        ],
        [
          385,
          165
        ],
        [
          382,
          159
        ]
      ],
      "shape_type": "polygon",
      "flags": {
        "occluded": false,
        "truncated": false
      }
    },
    {
      "label": "person-2",
      "line_color": null,
      "fill_color": null,
      "points": [
        [
          370,
          170
        ],
        [
          366,
          173
        ],
        [
          365,
          182
        ],
        [
          368,
          185
        ]
      ],
      "shape_type": "polygon",
      "flags": {
        "occluded": true,
        "truncated": false,
        "male": false
      }
    },
    {
      "label": "__ignore__",
      "line_color": null,
      "fill_color": null,
      "points": [
        [
          338,
          266
        ],
        [
          313,
          269
        ],
        [
          297,
          277
        ],
        [
          282,
          288
        ],
        [
          273,
          302
        ],
        [
          272,
          320
        ],
        [
          279,
          337
        ],
        [
          428,
          337
        ],
        [
          432,
          316
        ],
        [
          423,
          296
        ],
        [
          403,
          283
        ],
        [
          370,
          270
        ]
      ],
      "shape_type": "polygon",
      "flags": {
        "occluded": false,
        "truncated": true
      }
    }
  ],
  "lineColor": [
    0,
    255,
    0,
    128
  ],
  "fillColor": [
    255,
    0,
    0,
    128
  ],
  "imagePath": "2011_000003.jpg",
  "imageData": null,
  "imageHeight": 338,
  "imageWidth": 500
}